{
  "JDBC Request" : {
    "transaction" : "JDBC Request",
    "sampleCount" : 3646814,
    "errorCount" : 182,
    "errorPct" : 0.004990658,
    "meanResTime" : 1.0222413317486996,
    "medianResTime" : 0.0,
    "minResTime" : 0.0,
    "maxResTime" : 41306.0,
    "pct1ResTime" : 1.0,
    "pct2ResTime" : 1.0,
    "pct3ResTime" : 4.0,
    "throughput" : 15195.248273936757,
    "receivedKBytesPerSec" : 1439.3936353240872,
    "sentKBytesPerSec" : 0.0
  },
  "Total" : {
    "transaction" : "Total",
    "sampleCount" : 3646814,
    "errorCount" : 182,
    "errorPct" : 0.004990658,
    "meanResTime" : 1.0222413317486996,
    "medianResTime" : 0.0,
    "minResTime" : 0.0,
    "maxResTime" : 41306.0,
    "pct1ResTime" : 1.0,
    "pct2ResTime" : 1.0,
    "pct3ResTime" : 4.0,
    "throughput" : 15195.248273936757,
    "receivedKBytesPerSec" : 1439.3936353240872,
    "sentKBytesPerSec" : 0.0
  }
}